{
  "code": 0
  ,"msg": ""
  ,"count": 3000000
  ,"totalRow": {
    "checkin": "777"
  }
  ,"data": [{
    "id": "10001"
    ,"username": "杜甫123"
    ,"email": "test1@email.com"
    ,"sex": "<strong>男</strong>"
    ,"city": "浙江杭州"
    ,"sign": "舍南舍北皆春水，但见群鸥日日来。花径不曾缘客扫，蓬门今始为君开。盘飧市远无兼味，樽酒家贫只旧醅。肯与邻翁相对饮，隔篱呼取尽余杯。"
    ,"experience": 7
    ,"ip": "192.168.0.8"
    ,"checkin": 0
    ,"joinTime": "2016-10-14"
    ,"LAY_DISABLED": true
  }, {
    "id": "10002"
    ,"username": "李白"
    ,"email": "test2@email.com"
    ,"sex": "男"
    ,"city": "浙江杭州"
    ,"sign": "君不见，黄河之水天上来，奔流到海不复回。 君不见，高堂明镜悲白发，朝如青丝暮成雪。 人生得意须尽欢，莫使金樽空对月。 天生我材必有用，千金散尽还复来。 烹羊宰牛且为乐，会须一饮三百杯。 岑夫子，丹丘生，将进酒，杯莫停。 与君歌一曲，请君为我倾耳听。(倾耳听 一作：侧耳听) 钟鼓馔玉不足贵，但愿长醉不复醒。(不足贵 一作：何足贵；不复醒 一作：不愿醒/不用醒) 古来圣贤皆寂寞，惟有饮者留其名。(古来 一作：自古；惟 通：唯) 陈王昔时宴平乐，斗酒十千恣欢谑。 主人何为言少钱，径须沽取对君酌。 五花马，千金裘，呼儿将出换美酒，与尔同销万古愁。"
    ,"experience": 9
    ,"ip": "192.168.0.8"
    ,"checkin": "106"
    ,"joinTime": "2016-10-14"
    ,"LAY_CHECKED": true
}, {
    "id": "10003"
    ,"username": "苏轼"
    ,"email": "test3@email.com"
    ,"sex": "男"
    ,"city": "浙江杭州"
    ,"sign": "大江东去，浪淘尽，千古风流人物。故垒西边，人道是，三国周郎赤壁。乱石穿空，惊涛拍岸，卷起千堆雪。江山如画，一时多少豪杰。遥想公瑾当年，小乔初嫁了，雄姿英发。羽扇纶巾，谈笑间，樯橹灰飞烟灭。故国神游，多情应笑我，早生华发。人生如梦，一尊还酹江月。"
    ,"experience": 8
    ,"ip": "192.168.0.8"
    ,"checkin": null
    ,"joinTime": "2016-10-14"
  }, {
    "id": "10004"
    ,"username": "李清照"
    ,"email": "test4@email.com"
    ,"sex": "女"
    ,"city": "浙江杭州"
    ,"sign": "人生恰似一场修行"
    ,"experience": 6
    ,"ip": "192.168.0.8"
    ,"checkin": "106"
    ,"joinTime": "2016-10-14"
  }, {
    "id": "10005"
    ,"username": "冰心"
    ,"email": "test5@email.com"
    ,"sex": "女"
    ,"city": "浙江杭州"
    ,"sign": "人生恰似一场修行"
    ,"experience": 64
    ,"ip": "192.168.0.8"
    ,"checkin": "106"
    ,"joinTime": "2016-10-14"
  }, {
    "id": "10006"
    ,"username": "张三"
    ,"email": "test6@email.com"
    ,"sex": "男"
    ,"city": "浙江杭州"
    ,"sign": "人生恰似一场修行"
    ,"experience": 65
    ,"ip": "192.168.0.8"
    ,"checkin": "106"
    ,"joinTime": "2016-10-14"
  }, {
    "id": "10007"
    ,"username": "张三7"
    ,"email": "test7@email.com"
    ,"sex": "男"
    ,"city": "浙江杭州"
    ,"sign": "人生恰似一场修行"
    ,"experience": 49
    ,"ip": "192.168.0.8"
    ,"checkin": "106"
    ,"joinTime": "2016-10-14"
  }, {
    "id": "10008"
    ,"username": "张三8"
    ,"email": "test8@email.com"
    ,"sex": "男"
    ,"city": "浙江杭州"
    ,"sign": "人生恰似一场修行"
    ,"experience": 5
    ,"ip": "192.168.0.8"
    ,"checkin": "106"
    ,"joinTime": "2016-10-14"
  }, {
    "id": "10009"
    ,"username": "张三9"
    ,"email": "test9@email.com"
    ,"sex": "男"
    ,"city": "浙江杭州"
    ,"sign": "人生恰似一场修行"
    ,"experience": 5
    ,"ip": "192.168.0.8"
    ,"checkin": "106"
    ,"joinTime": "2016-10-14"
  }, {
    "id": "10010"
    ,"username": "张三10"
    ,"email": "test10@email.com"
    ,"sex": "男"
    ,"city": "浙江杭州"
    ,"sign": "人生恰似一场修行"
    ,"experience": 5
    ,"ip": "192.168.0.8"
    ,"checkin": "106"
    ,"joinTime": "2016-10-14"
  }, {
    "id": "10011"
    ,"username": "张三11"
    ,"email": "test11@email.com"
    ,"sex": "男"
    ,"city": "浙江杭州"
    ,"sign": "人生恰似一场修行"
    ,"experience": 5
    ,"ip": "192.168.0.8"
    ,"checkin": "106"
    ,"joinTime": "2016-10-14"
  }]
}  